Iron Man,Tony Stark
Iron Man,Rhodey
Iron Man,Obadiah Stane
Iron Man,Pepper Potts
Iron Man,Christine Everhart
Iron Man,Yinsen
Iron Man,Raza
Iron Man,Agent Coulson
Iron Man,General Gabriel
Iron Man,Abu Bakaar
Iron Man,JARVIS
Iron Man,Hogan
Iron Man,William Ginter Riva
Iron Man,Major Allen
Iron Man,Award Ceremony Narrator
Iron Man,Guard
Iron Man,Jimmy
Iron Man,Pratt
Iron Man,Ramirez
Iron Man,Ahmed
Iron Man,Omar
Iron Man,Howard Stark
Iron Man,Viper 1
Iron Man,Viper 2
Iron Man,Amira Ahmed
Iron Man,Colonel Craig
Iron Man,Dealer at Craps Table
Iron Man,Woman at Craps Table
Iron Man,Engineer
Iron Man,Air Force Officer
Iron Man,Jim Cramer
Iron Man,Woman In SUV
Iron Man,Kid in SUV
Iron Man,Gulmira Kid
Iron Man,Gulmira Mom
Iron Man,Reporter
Iron Man,Flight Attendant
Iron Man,Flight Attendant
Iron Man,Stan Lee
Iron Man,Air Force Lieutenant
Iron Man,Zorianna Kit
Iron Man,Stan's Girl
Iron Man,CAOC Analyst
The Incredible Hulk ,Bruce Banner
The Incredible Hulk ,Betty Ross
The Incredible Hulk ,Emil Blonsky
The Incredible Hulk ,General 'Thunderbolt' Ross
The Incredible Hulk ,Samuel Sterns
The Incredible Hulk ,Leonard
The Incredible Hulk ,Major Kathleen Sparr
The Incredible Hulk ,General Joe Greller
The Incredible Hulk ,Voice of The Incredible Hulk
The Incredible Hulk ,Security Guard
The Incredible Hulk ,Stanley
The Incredible Hulk ,Martina
The Incredible Hulk ,Commando
The Incredible Hulk ,Commando
The Incredible Hulk ,Helicopter Soldier
The Incredible Hulk ,Grad Student
The Incredible Hulk ,Tough Guy Leader
The Incredible Hulk ,Tough Guy
The Incredible Hulk ,Tough Guy
The Incredible Hulk ,Communications Officer
The Incredible Hulk ,Helicopter Pilot
The Incredible Hulk ,Soldier
The Incredible Hulk ,Soldier
The Incredible Hulk ,Cop
The Incredible Hulk ,Cop
The Incredible Hulk ,Cab Driver
The Incredible Hulk ,Medical Technician
The Incredible Hulk ,Plant Manager
The Incredible Hulk ,Sniper
The Incredible Hulk ,Boat Captain
The Incredible Hulk ,Guatemalan Trucker
The Incredible Hulk ,Computer Nerd
The Incredible Hulk ,Young Guy
The Incredible Hulk ,Apache Helicopter Pilot
The Incredible Hulk ,Soldier
The Incredible Hulk ,Colleague
The Incredible Hulk ,Harlem Bystander
The Incredible Hulk ,Market Vendor
The Incredible Hulk ,Supply Driver
The Incredible Hulk ,Army Base Doctor
The Incredible Hulk ,Aikido Instructor
The Incredible Hulk ,Ross's Soldier
The Incredible Hulk ,McGee
The Incredible Hulk ,Terrified Gal
The Incredible Hulk ,Wilson
The Incredible Hulk ,Gunner
The Incredible Hulk ,Little Boy
The Incredible Hulk ,Brave Cop
The Incredible Hulk ,Soldier
The Incredible Hulk ,BOPE Officer
The Incredible Hulk ,Medic Soldier
The Incredible Hulk ,Handsome Soldier
The Incredible Hulk ,Command Van Soldier
The Incredible Hulk ,Ross's Aide
The Incredible Hulk ,Female Medical Assistant
The Incredible Hulk ,Humvee Driver
The Incredible Hulk ,Sterns Lab Soldier
Iron Man 2,Tony Stark
Iron Man 2,Pepper Potts
Iron Man 2,Lt. Col. James 'Rhodey' Rhodes
Iron Man 2,Natalie Rushman
Iron Man 2,Natasha Romanoff
Iron Man 2,Justin Hammer
Iron Man 2,Ivan Vanko
Iron Man 2,Nick Fury
Iron Man 2,Agent Coulson
Iron Man 2,Howard Stark
Iron Man 2,Senator Stern
Iron Man 2,JARVIS
Iron Man 2,U.S. Marshal
Iron Man 2,Christine Everhart
Iron Man 2,Happy Hogan
Iron Man 2,Christiane Amanpour
Iron Man 2,Detective Lemieux
Iron Man 2,Security Force #1
Iron Man 2,Security Force #2
Iron Man 2,Expo Fan
Iron Man 2,Russian Newscaster
Iron Man 2,French Photographer
Iron Man 2,Larry Ellison
Iron Man 2,Adam Goldstein
Iron Man 2,Major Allen
Iron Man 2,General Meade
Iron Man 2,10 Rings Gangster
Iron Man 2,Anton Vanko
Iron Man 2,Larry King
Iron Man 2,AV Operator
Iron Man 2,Rebecca
Iron Man 2,Expo Cop
Iron Man 2,Rebeka
Iron Man 2,Bambi Arbogast
Iron Man 2,Chess Roberts
Iron Man 2,Elon Musk
Iron Man 2,Bill O'Reilly
Iron Man 2,Strawberry Vendor
Iron Man 2,Young Tony Stark
Iron Man 2,Guard
Iron Man 2,Hammer Expo Tech
Iron Man 2,French Waiter
Iron Man 2,Jack
Iron Man 2,Ironette Dancer
Iron Man 2,Ironette Dancer
Thor,Thor
Thor,Jane Foster
Thor,Loki
Thor,Odin
Thor,Erik Selvig
Thor,Darcy Lewis
Thor,Agent Coulson
Thor,King Laufey
Thor,Heimdall
Thor,Volstagg
Thor,Hogun
Thor,Fandral
Thor,Sif
Thor,Frigga
Thor,Isabela Alvarez
Thor,Agent Sitwell
Thor,Frost Giant Captain
Thor,Frost Giant Sentry
Thor,Frost Giant Hailstrum
Thor,Frost Giant Brute
Thor,Frost Giant Grundroth
Thor,Frost Giant Raze
Thor,Einherjar Guard
Thor,Agent Delancey
Thor,Techie
Thor,Agent Jackson
Thor,Agent Garrett
Thor,Agent Cale
Thor,SHIELD Guard
Thor,Townie
Thor,Pete
Thor,Stan the Man
Thor,Drunk Townie
Thor,Pet Store Clerk
Thor,Admission Nurse
Thor,Orderly
Thor,Viking Mother
Thor,Viking Child
Thor,Viking Elder
Thor,Viking
Thor,Young Thor
Thor,Young Loki
Captain America: The First Avenger,Captain America
Captain America: The First Avenger,Steve Rogers
Captain America: The First Avenger,Peggy Carter
Captain America: The First Avenger,James Buchanan 'Bucky' Barnes
Captain America: The First Avenger,Colonel Chester Phillips
Captain America: The First Avenger,Johann Schmidt
Captain America: The First Avenger,Red Skull
Captain America: The First Avenger,Howard Stark
Captain America: The First Avenger,Heinz Kruger
Captain America: The First Avenger,Dr. Abraham Erskine
Captain America: The First Avenger,Nick Fury
Captain America: The First Avenger,Dr. Arnim Zola
Captain America: The First Avenger,Timothy 'Dum Dum' Dugan
Captain America: The First Avenger,Gabe Jones
Captain America: The First Avenger,Jim Morita
Captain America: The First Avenger,James Montgomery Falsworth
Captain America: The First Avenger,Jacques Dernier
Captain America: The First Avenger,Gilmore Hodge
Captain America: The First Avenger,Senator Brandt
Captain America: The First Avenger,Brandt's Aide
Captain America: The First Avenger,Pvt. Lorraine
Captain America: The First Avenger,Search Team Leader
Captain America: The First Avenger,S.H.I.E.L.D. Lieutenant
Captain America: The First Avenger,S.H.I.E.L.D. Tech
Captain America: The First Avenger,Jan
Captain America: The First Avenger,Tower Keeper
Captain America: The First Avenger,Steve Rogers Double
Captain America: The First Avenger,Barman
Captain America: The First Avenger,Nervous Recruit
Captain America: The First Avenger,4F Doctor
Captain America: The First Avenger,Loud Jerk
Captain America: The First Avenger,Connie
Captain America: The First Avenger,Bonnie
Captain America: The First Avenger,Young Doctor
Captain America: The First Avenger,Enlistment Office MP
Captain America: The First Avenger,Stark Girl
Captain America: The First Avenger,Sergeant Duffy
Captain America: The First Avenger,Johann Schmidt's Artist
Captain America: The First Avenger,Antique Store Owner
Captain America: The First Avenger,SSR Doctor
Captain America: The First Avenger,Project Rebirth Nurse
Captain America: The First Avenger,Kruger's Aide
Captain America: The First Avenger,Undercover Bum
Captain America: The First Avenger,Undercover Bum
Captain America: The First Avenger,Kruger's Driver
Captain America: The First Avenger,Boy at Dock
Captain America: The First Avenger,Roeder
Captain America: The First Avenger,Hutter
Captain America: The First Avenger,Schneider
Captain America: The First Avenger,The Star Spangled Singer
Captain America: The First Avenger,Kid in USO Audience
Captain America: The First Avenger,Kid in USO Audience
Captain America: The First Avenger,Newsstand Mom
Captain America: The First Avenger,Autograph Seeker
Captain America: The First Avenger,'Adolph Hitler'
Captain America: The First Avenger,Army Heckler
Captain America: The First Avenger,HYDRA Guard
Captain America: The First Avenger,HYDRA Pilot
Captain America: The First Avenger,Stark's Engineer
Captain America: The First Avenger,Manager Velt
Captain America: The First Avenger,HYDRA Lieutenant
Captain America: The First Avenger,S.H.I.E.L.D. Agent
Captain America: The First Avenger,USO Dancer
Captain America: The First Avenger,USO Drummer
Marvel's: The Avengers,Tony Stark
Marvel's: The Avengers,Iron Man
Marvel's: The Avengers,Steve Rogers
Marvel's: The Avengers,Captain America
Marvel's: The Avengers,Bruce Banner
Marvel's: The Avengers,The Hulk
Marvel's: The Avengers,Thor
Marvel's: The Avengers,Natasha Romanoff
Marvel's: The Avengers,Black Widow
Marvel's: The Avengers,Clint Barton
Marvel's: The Avengers,Hawkeye
Marvel's: The Avengers,Loki
Marvel's: The Avengers,Agent Phil Coulson
Marvel's: The Avengers,Agent Maria Hill
Marvel's: The Avengers,Selvig
Marvel's: The Avengers,Nick Fury
Marvel's: The Avengers,Pepper Potts
Marvel's: The Avengers,Jarvis
Marvel's: The Avengers,The Other
Marvel's: The Avengers,NASA Scientist
Marvel's: The Avengers,Georgi Luchkov
Marvel's: The Avengers,Weaselly Thug
Marvel's: The Avengers,Tall Thug
Marvel's: The Avengers,Young Girl
Marvel's: The Avengers,Calcutta Woman
Marvel's: The Avengers,World Security Council
Marvel's: The Avengers,Carrier Bridge Tech
Marvel's: The Avengers,Agent Jasper Sitwell
Marvel's: The Avengers,Gala Scientist
Marvel's: The Avengers,German Old Man
Marvel's: The Avengers,Young Shield Pilot
Marvel's: The Avengers,Security Guard
Marvel's: The Avengers,Maintenance Guy
Marvel's: The Avengers,Waitress
Marvel's: The Avengers,Japanese Family
Marvel's: The Avengers,Police Sergeant
Marvel's: The Avengers,Young Cop
Marvel's: The Avengers,Office Woman
Marvel's: The Avengers,News Reporter
Marvel's: The Avengers,News Reporter
Marvel's: The Avengers,Faceless Pilot
Marvel's: The Avengers,Celebration Montage Interviewee
Marvel's: The Avengers,Shawna Lynde
Marvel's: The Avengers,Senator Boynton
Marvel's: The Avengers,Stan Lee
Marvel's: The Avengers,Pat Kiernan
Marvel's: The Avengers,Thomas Roberts
Marvel's: The Avengers,Man #1
Iron Man 3,Tony Stark
Iron Man 3,Pepper Potts
Iron Man 3,Colonel James Rhodes
Iron Man 3,Aldrich Killian
Iron Man 3,Maya Hansen
Iron Man 3,Happy Hogan
Iron Man 3,Trevor Slattery
Iron Man 3,Savin
Iron Man 3,Brandt
Iron Man 3,JARVIS
Iron Man 3,President Ellis
Iron Man 3,Mrs. Davis
Iron Man 3,Harley Keener
Iron Man 3,Vice President Rodriguez
Iron Man 3,Doctor Wu
Iron Man 3,Ho Yinsen
Iron Man 3,Annoying Conference Guy
Iron Man 3,Pat Kiernan
Iron Man 3,Josh Elliott
Iron Man 3,Megan Henderson
Iron Man 3,Thomas Roberts
Iron Man 3,Bill Maher
Iron Man 3,Joan Rivers
Iron Man 3,George Kotsiopoulos
Iron Man 3,Neptune's Net Girl
Iron Man 3,Neptune's Net Boy
Iron Man 3,Taggart
Iron Man 3,Happy's Nurse
Iron Man 3,Hospital News Reporter
Iron Man 3,Pushy Tabloid Reporter
Iron Man 3,Helicopter Pilot #1
Iron Man 3,Helicopter Pilot #2
Iron Man 3,Reporter at House Wreckage
Iron Man 3,Mandarin Studio Technician
Iron Man 3,Mandarin Look-Out
Iron Man 3,Rose Hill Deputy
Iron Man 3,Extremis Soldier
Iron Man 3,Rose Hill Christmas Tree Shopper
Iron Man 3,Junior Technician
Iron Man 3,Senior Technician
Iron Man 3,Satellite Technician
Iron Man 3,Technical Director
Iron Man 3,Vice President's Analyst
Iron Man 3,Thomas Richards
Iron Man 3,Scared Insurgent
Iron Man 3,President's Aide
Iron Man 3,Laughing Insurgent
Iron Man 3,Pageant Emcee
Iron Man 3,Miss Elk Ridge
Iron Man 3,Pageant Judge
Iron Man 3,Gary the Cameraman
Iron Man 3,Chad Davis
Iron Man 3,Extremis Candidate
Iron Man 3,Room Service Waiter
Iron Man 3,Extremis Soldier
Iron Man 3,Mandarin Guard
Iron Man 3,Sweat Shop Agent
Iron Man 3,Mandarin Guard
Iron Man 3,Sleepy Mandarin Girl
Iron Man 3,Annoyed Mandarin Guard
Iron Man 3,Mandarin Party Girl #1
Iron Man 3,Mandarin Party Girl #2
Iron Man 3,Tony's Guard
Iron Man 3,Ponytail Express
Iron Man 3,Reluctant AIM Guard
Iron Man 3,AIM Ping Pong Girl
Iron Man 3,Secret Service Agent
Iron Man 3,Iron Patriot Fan #1
Iron Man 3,Vice President's Daughter
Iron Man 3,Iron Patriot Fan #2
Iron Man 3,Navy Op
Iron Man 3,Air Force One Officer
Iron Man 3,Commander
Iron Man 3,Heather
Iron Man 3,Extremis Soldier
Thor: The Dark World,Thor
Thor: The Dark World,Jane Foster
Thor: The Dark World,Loki
Thor: The Dark World,Odin
Thor: The Dark World,Malekith
Thor: The Dark World,Sif
Thor: The Dark World,Fandral
Thor: The Dark World,Volstagg
Thor: The Dark World,Hogun
Thor: The Dark World,Heimdall
Thor: The Dark World,Frigga
Thor: The Dark World,Algrim
Thor: The Dark World,Kurse
Thor: The Dark World,Darcy Lewis
Thor: The Dark World,Erik Selvig
Thor: The Dark World,Eir
Thor: The Dark World,Tyr
Thor: The Dark World,Ian Boothby
Thor: The Dark World,John
Thor: The Dark World,Navid
Thor: The Dark World,Maddie
Thor: The Dark World,Volstagg's Wife
Thor: The Dark World,Volstagg's Child #1
Thor: The Dark World,Volstagg's Child #2
Thor: The Dark World,Volstagg's Child #3
Thor: The Dark World,Desk Officer
Thor: The Dark World,Stonehenge TV News Reporter
Thor: The Dark World,Sad Child
Thor: The Dark World,Student
Thor: The Dark World,Woman on Platform
Thor: The Dark World,Wench #1
Thor: The Dark World,Richard
Thor: The Dark World,Police Officer #1
Thor: The Dark World,Police Officer #2
Thor: The Dark World,Einherjar Lieutenant
Thor: The Dark World,Stan Lee
Thor: The Dark World,Steve Scott
Thor: The Dark World,Einherjar Guard
Thor: The Dark World,Nurse
Thor: The Dark World,Asylum Patient
Captain America: The Winter Soldier ,Steve Rogers
Captain America: The Winter Soldier ,Captain America
Captain America: The Winter Soldier ,Nick Fury
Captain America: The Winter Soldier ,Natasha Romanoff
Captain America: The Winter Soldier ,Black Widow
Captain America: The Winter Soldier ,Alexander Pierce
Captain America: The Winter Soldier ,Bucky Barnes
Captain America: The Winter Soldier ,Winter Soldier
Captain America: The Winter Soldier ,Sam Wilson
Captain America: The Winter Soldier ,Falcon
Captain America: The Winter Soldier ,Maria Hill
Captain America: The Winter Soldier ,Brock Rumlow
Captain America: The Winter Soldier ,Jasper Sitwell
Captain America: The Winter Soldier ,Kate
Captain America: The Winter Soldier ,Agent 13
Captain America: The Winter Soldier ,Peggy Carter
Captain America: The Winter Soldier ,Dr. Arnim Zola
Captain America: The Winter Soldier ,Smithsonian Guard
Captain America: The Winter Soldier ,Jack Rollins
Captain America: The Winter Soldier ,Councilwoman Hawley
Captain America: The Winter Soldier ,Councilman Singh
Captain America: The Winter Soldier ,Councilman Rockwell
Captain America: The Winter Soldier ,Councilman Yen
Captain America: The Winter Soldier ,Senator Stern
Captain America: The Winter Soldier ,Georges Batroc
Captain America: The Winter Soldier ,French Pirate #1
Captain America: The Winter Soldier ,French Pirate #2
Captain America: The Winter Soldier ,Engine Pirate
Captain America: The Winter Soldier ,French Radio Pirate
Captain America: The Winter Soldier ,Skinny Steve
Captain America: The Winter Soldier ,Specialist Cameron Klein
Captain America: The Winter Soldier ,Launch Tech #2
Captain America: The Winter Soldier ,Dr. Fine
Captain America: The Winter Soldier ,SHIELD Interrogator #1
Captain America: The Winter Soldier ,SHIELD Interrogator #2
Captain America: The Winter Soldier ,Scientist #1
Captain America: The Winter Soldier ,Scientist #2
Captain America: The Winter Soldier ,Apple Employee
Captain America: The Winter Soldier ,Com Tech #1
Captain America: The Winter Soldier ,Com Tech #2
Captain America: The Winter Soldier ,Renata
Captain America: The Winter Soldier ,Garcia
Captain America: The Winter Soldier ,Charlie XO
Captain America: The Winter Soldier ,Charlie Weapons Tech
Captain America: The Winter Soldier ,SHIELD Tech
Captain America: The Winter Soldier ,Lead SHIELD Pilot
Captain America: The Winter Soldier ,Senior SHIELD Agent
Captain America: The Winter Soldier ,SHIELD Agent
Captain America: The Winter Soldier ,Strike SGT. #1
Captain America: The Winter Soldier ,Strike SGT. #2
Captain America: The Winter Soldier ,Strike Agent
Captain America: The Winter Soldier ,Strike Agent
Captain America: The Winter Soldier ,Strike Agent
Captain America: The Winter Soldier ,Strike Agent
Captain America: The Winter Soldier ,25th Floor Strike Agent
Captain America: The Winter Soldier ,Scudder
Captain America: The Winter Soldier ,Human Resources Executive
Captain America: The Winter Soldier ,Doctor
Captain America: The Winter Soldier ,Lead EMT
Captain America: The Winter Soldier ,CIA Instructor
Captain America: The Winter Soldier ,Capitol Hill Police
Captain America: The Winter Soldier ,Capitol Hill Police
Captain America: The Winter Soldier ,FBI Agent
Captain America: The Winter Soldier ,FBI Agent
Captain America: The Winter Soldier ,Committee Member
Captain America: The Winter Soldier ,Little Boy in the Smithsonian
Captain America: The Winter Soldier ,Fury Car
Captain America: The Winter Soldier ,SHIELD Computer
Captain America: The Winter Soldier ,The Smithsonian Narrator
Guardians of the Galaxy,Peter Quill
Guardians of the Galaxy,Gamora
Guardians of the Galaxy,Drax
Guardians of the Galaxy,Groot
Guardians of the Galaxy,Rocket
Guardians of the Galaxy,Ronan
Guardians of the Galaxy,Yondu Udonta
Guardians of the Galaxy,Nebula
Guardians of the Galaxy,Korath
Guardians of the Galaxy,Corpsman Dey
Guardians of the Galaxy,Nova Prime
Guardians of the Galaxy,The Collector
Guardians of the Galaxy,Meredith Quill
Guardians of the Galaxy,Kraglin
Guardians of the Galaxy,On Set Rocket
Guardians of the Galaxy,Denarian Saal
Guardians of the Galaxy,The Broker
Guardians of the Galaxy,On Set Groot
Guardians of the Galaxy,Young Quill
Guardians of the Galaxy,Grandpa
Guardians of the Galaxy,Meredith's Mother
Guardians of the Galaxy,Meredith's Brother
Guardians of the Galaxy,Meredith's Best Friend
Guardians of the Galaxy,Dr. Fitzgibbon
Guardians of the Galaxy,Bereet
Guardians of the Galaxy,Horuz
Guardians of the Galaxy,Horuz's Mate
Guardians of the Galaxy,Sacrifice Nova Corpsman
Guardians of the Galaxy,Xandarian Ladies' Man
Guardians of the Galaxy,Pretty Xandarian
Guardians of the Galaxy,Nova Arresting Pilot
Guardians of the Galaxy,Corpsman Dey's Partner
Guardians of the Galaxy,Kree Ambassador
Guardians of the Galaxy,Nova Prime's Assistant
Guardians of the Galaxy,Head Riot Guard
Guardians of the Galaxy,Angry Guard
Guardians of the Galaxy,Mean Guard
Guardians of the Galaxy,Sad Woman with Horns
Guardians of the Galaxy,Moloka Dar
Guardians of the Galaxy,Monstrous Inmate
Guardians of the Galaxy,Mottled Prisoner
Guardians of the Galaxy,Burly Prisoner
Guardians of the Galaxy,The Other
Guardians of the Galaxy,Watchtower Guard
Guardians of the Galaxy,One Legged Prisoner
Guardians of the Galaxy,Rifle Guard
Guardians of the Galaxy,'Drop the Leg' Guard
Guardians of the Galaxy,Carina
Guardians of the Galaxy,Tortured Pink Girl
Guardians of the Galaxy,Pit Boss
Guardians of the Galaxy,Lady of the Boot of Jemiah
Guardians of the Galaxy,Cosmo the Space Dog
Guardians of the Galaxy,Knowhere Dispatcher
Guardians of the Galaxy,Sad Krylorian Girl
Guardians of the Galaxy,One-Eyed Ravager
Guardians of the Galaxy,Ravager Pilot
Guardians of the Galaxy,Ravager Navigator
Guardians of the Galaxy,Nova Centurion
Guardians of the Galaxy,Nova Starblaster Pilot
Guardians of the Galaxy,Alien Nova Pilot
Guardians of the Galaxy,Maskless Sakaaran
Guardians of the Galaxy,Dancing Groot
Guardians of the Galaxy,Sakaarans
Guardians of the Galaxy,Maskless Sakaaran
Guardians of the Galaxy,Corpsman Dey's Wife
Guardians of the Galaxy,Corpsman Dey's Daughter
Guardians of the Galaxy,Corpsman Dey's Daughter
Guardians of the Galaxy,Goth Ravager
Guardians of the Galaxy,Crying Xandarian Citizen
Avengers: Age of Ultron,Tony Stark
Avengers: Age of Ultron,Iron Man
Avengers: Age of Ultron,Thor
Avengers: Age of Ultron,Bruce Banner
Avengers: Age of Ultron,Hulk
Avengers: Age of Ultron,Steve Rogers
Avengers: Age of Ultron,Captain America
Avengers: Age of Ultron,Natasha Romanoff
Avengers: Age of Ultron,Black Widow
Avengers: Age of Ultron,Clint Barton
Avengers: Age of Ultron,Hawkeye
Avengers: Age of Ultron,Ultron
Avengers: Age of Ultron,Nick Fury
Avengers: Age of Ultron,James Rhodes
Avengers: Age of Ultron,War Machine
Avengers: Age of Ultron,Pietro Maximoff
Avengers: Age of Ultron,Quicksilver
Avengers: Age of Ultron,Wanda Maximoff
Avengers: Age of Ultron,Scarlet Witch
Avengers: Age of Ultron,Jarvis
Avengers: Age of Ultron,Vision
Avengers: Age of Ultron,Maria Hill
Avengers: Age of Ultron,Sam Wilson
Avengers: Age of Ultron,The Falcon
Avengers: Age of Ultron,Peggy Carter
Avengers: Age of Ultron,Heimdall
Avengers: Age of Ultron,Laura Barton
Avengers: Age of Ultron,Erik Selvig
Avengers: Age of Ultron,Dr. Helen Cho
Avengers: Age of Ultron,Strucker
Avengers: Age of Ultron,Ulysses Klaue
Avengers: Age of Ultron,Madame B
Avengers: Age of Ultron,Stan Lee
Avengers: Age of Ultron,Dr. List
Avengers: Age of Ultron,Fortress Soldier
Avengers: Age of Ultron,Strucker Mercenary
Avengers: Age of Ultron,Zrinka
Avengers: Age of Ultron,Costel
Avengers: Age of Ultron,Sokovian Acid Student
Avengers: Age of Ultron,Dr. Cho's Assistant
Avengers: Age of Ultron,Dr. Cho's Assistant
Avengers: Age of Ultron,Klaue's Mercenary
Avengers: Age of Ultron,Ballet Instructor
Avengers: Age of Ultron,Johannesburg Cop
Avengers: Age of Ultron,Johannesburg Cop
Avengers: Age of Ultron,Johannesburg Driver
Avengers: Age of Ultron,Johannesburg Onlooker
Avengers: Age of Ultron,Johannesburg Elevator Passenger
Avengers: Age of Ultron,Cooper Barton
Avengers: Age of Ultron,Lila Barton
Avengers: Age of Ultron,Lila Barton
Avengers: Age of Ultron,World Hub Tech
Avengers: Age of Ultron,Korean Train Passenger
Avengers: Age of Ultron,Sokovian Family
Avengers: Age of Ultron,Sokovian Woman
Avengers: Age of Ultron,Tub Family Child
Avengers: Age of Ultron,Sokovian Driver
Avengers: Age of Ultron,Sokovian SUV Driver
Avengers: Age of Ultron,Sokovian SUV Passenger
Avengers: Age of Ultron,Sokovian Police Captain
Avengers: Age of Ultron,Specialist Cameron Klein
Avengers: Age of Ultron,Friday
Avengers: Age of Ultron,Nathaniel Pietro Barton
Ant-Man ,Scott Lang
Ant-Man ,Ant-Man
Ant-Man ,Dr. Hank Pym
Ant-Man ,Hope Van Dyne
Ant-Man ,Darren Cross
Ant-Man ,Yellowjacket
Ant-Man ,Paxton
Ant-Man ,Sam Wilson
Ant-Man ,Falcon
Ant-Man ,Maggie Lang
Ant-Man ,Cassie Lang
Ant-Man ,Luis
Ant-Man ,Kurt
Ant-Man ,Dave
Ant-Man ,Gale
Ant-Man ,Peggy Carter
Ant-Man ,Howard Stark
Ant-Man ,Mitchell Carson
Ant-Man ,Cab Driver
Ant-Man ,Dale
Ant-Man ,Hydra Buyer
Ant-Man ,Frank
Ant-Man ,Buyer
Ant-Man ,Buyer
Ant-Man ,Young Pym
Ant-Man ,Janet Van Dyne
Ant-Man ,The Wasp
Ant-Man ,Spanish Woman
Ant-Man ,Young Daughter
Ant-Man ,Raver
Ant-Man ,Pool BBQ Kid
Ant-Man ,Pym Tech Gate Guard
Ant-Man ,Pym Tech Security Guard
Ant-Man ,EMT
Ant-Man ,Gorgeous Blonde
Ant-Man ,Superior Officer
Ant-Man ,Ice Cream Store Customer
Ant-Man ,Ernesto
Ant-Man ,Carlos
Ant-Man ,Emily
Ant-Man ,Peachy
Ant-Man ,Cop on Speaker
Ant-Man ,Alpha Guard
Ant-Man ,Beta Guard
Ant-Man ,Vault Guard
Ant-Man ,Armed Guard
Ant-Man ,Lab Guard
Ant-Man ,Lab Tech
Ant-Man ,Ignacio
Ant-Man ,Writer
Ant-Man ,Hideous Rabbit
Ant-Man ,Helicopter Pilot
Doctor Strange,Dr. Stephen Strange
Doctor Strange,Mordo
Doctor Strange,Dr. Christine Palmer
Doctor Strange,Wong
Doctor Strange,Kaecilius
Doctor Strange,The Ancient One
Doctor Strange,Dr. Nicodemus West
Doctor Strange,Jonathan Pangborn
Doctor Strange,Lucian
Doctor Strange,Strong Zealot
Doctor Strange,Brunette Zealot
Doctor Strange,Tall Zealot
Doctor Strange,Blonde Zealot
Doctor Strange,Hamir
Doctor Strange,Sol Rama
Doctor Strange,Tina Minoru
Doctor Strange,Daniel Drumm
Doctor Strange,Dr. Patel
Doctor Strange,Dr. Bruner
Doctor Strange,Nurse Billy
Doctor Strange,Dr. Garrison
Doctor Strange,Dr. Weiss
Doctor Strange,Physical Therapist
Doctor Strange,Concerned Doctor
Doctor Strange,Reluctant Surgeon
Doctor Strange,Mugger
Doctor Strange,Bus Passenger
Doctor Strange,Kamar-Taj Librarian
Doctor Strange,Bullet Patient's Wife
Doctor Strange,Pat Kiernan
Captain America: Civil War,Steve Rogers
Captain America: Civil War,Captain America
Captain America: Civil War,Tony Stark
Captain America: Civil War,Iron Man
Captain America: Civil War,Natasha Romanoff
Captain America: Civil War,Black Widow
Captain America: Civil War,Bucky Barnes
Captain America: Civil War,Winter Soldier
Captain America: Civil War,Sam Wilson
Captain America: Civil War,Falcon
Captain America: Civil War,Lieutenant James Rhodes
Captain America: Civil War,War Machine
Captain America: Civil War,Clint Barton
Captain America: Civil War,Hawkeye
Captain America: Civil War,T'Challa
Captain America: Civil War,Black Panther
Captain America: Civil War,Vision
Captain America: Civil War,Wanda Maximoff
Captain America: Civil War,Scarlet Witch
Captain America: Civil War,Scott Lang
Captain America: Civil War,Ant-Man
Captain America: Civil War,Sharon Carter
Captain America: Civil War,Peter Parker
Captain America: Civil War,Spider-Man
Captain America: Civil War,Zemo
Captain America: Civil War,Brock Rumlow
Captain America: Civil War,Crossbones
Captain America: Civil War,Secretary of State Thaddeus Ross
Captain America: Civil War,Everett K. Ross
Captain America: Civil War,May Parker
Captain America: Civil War,King T'Chaka
Captain America: Civil War,Howard Stark
Captain America: Civil War,Maria Stark
Captain America: Civil War,Miriam
Captain America: Civil War,MRI Tech
Captain America: Civil War,Vicar
Captain America: Civil War,Josef
Captain America: Civil War,Super Soldier #1
Captain America: Civil War,Super Soldier #2
Captain America: Civil War,Super Soldier #3
Captain America: Civil War,Super Soldier #4
Captain America: Civil War,Super Soldier #5
Captain America: Civil War,Zemo's Wife
Captain America: Civil War,Karpov
Captain America: Civil War,Security Chief
Captain America: Civil War,Attaché
Captain America: Civil War,Man at Kiosk
Captain America: Civil War,GSG9 Task Force Gunner
Captain America: Civil War,GSG9 Task Force Pilot
Captain America: Civil War,German Innkeeper
Captain America: Civil War,Raft Guard
Captain America: Civil War,Barge Man #1
Captain America: Civil War,Barge Man #2
Captain America: Civil War,Custodian
Captain America: Civil War,Funeral Director
Captain America: Civil War,Woman in Lobby #1
Captain America: Civil War,Woman in Lobby #2
Captain America: Civil War,Delivery Truck Driver
Captain America: Civil War,Choir
Captain America: Civil War,Chinese Newscaster
Captain America: Civil War,German Newscaster #1
Captain America: Civil War,German Newscaster #2
Captain America: Civil War,News Reporter
Captain America: Civil War,Busboy (Lagos)
Captain America: Civil War,Waiter (Lagos)
Captain America: Civil War,Secretary Ross's Aide
Captain America: Civil War,Hero Merc #1
Captain America: Civil War,M.I.T. Liaison
Captain America: Civil War,Teenage Girl
Captain America: Civil War,Dr. Broussard
Captain America: Civil War,FedEx Driver
Captain America: Civil War,UN Staffer Gibson
Captain America: Civil War,Friday
Captain America: Civil War,Stark's Assistant
Captain America: Civil War,Nurse
Captain America: Civil War,Cultural Attaché
Captain America: Civil War,Helicopter Pilot
Guardians of the Galaxy Vol. 2,Peter Quill
Guardians of the Galaxy Vol. 2,Gamora
Guardians of the Galaxy Vol. 2,Drax
Guardians of the Galaxy Vol. 2,Groot
Guardians of the Galaxy Vol. 2,Rocket
Guardians of the Galaxy Vol. 2,Ronan
Guardians of the Galaxy Vol. 2,Yondu Udonta
Guardians of the Galaxy Vol. 2,Nebula
Guardians of the Galaxy Vol. 2,Korath
Guardians of the Galaxy Vol. 2,Corpsman Dey
Guardians of the Galaxy Vol. 2,Nova Prime
Guardians of the Galaxy Vol. 2,The Collector
Guardians of the Galaxy Vol. 2,Meredith Quill
Guardians of the Galaxy Vol. 2,Kraglin
Guardians of the Galaxy Vol. 2,On Set Rocket
Guardians of the Galaxy Vol. 2,Denarian Saal
Guardians of the Galaxy Vol. 2,The Broker
Guardians of the Galaxy Vol. 2,On Set Groot
Guardians of the Galaxy Vol. 2,Young Quill
Guardians of the Galaxy Vol. 2,Grandpa
Guardians of the Galaxy Vol. 2,Meredith's Mother
Guardians of the Galaxy Vol. 2,Meredith's Brother
Guardians of the Galaxy Vol. 2,Meredith's Best Friend
Guardians of the Galaxy Vol. 2,Dr. Fitzgibbon
Guardians of the Galaxy Vol. 2,Bereet
Guardians of the Galaxy Vol. 2,Horuz
Guardians of the Galaxy Vol. 2,Horuz's Mate
Guardians of the Galaxy Vol. 2,Sacrifice Nova Corpsman
Guardians of the Galaxy Vol. 2,Xandarian Ladies' Man
Guardians of the Galaxy Vol. 2,Pretty Xandarian
Guardians of the Galaxy Vol. 2,Nova Arresting Pilot
Guardians of the Galaxy Vol. 2,Corpsman Dey's Partner
Guardians of the Galaxy Vol. 2,Kree Ambassador
Guardians of the Galaxy Vol. 2,Nova Prime's Assistant
Guardians of the Galaxy Vol. 2,Head Riot Guard
Guardians of the Galaxy Vol. 2,Angry Guard
Guardians of the Galaxy Vol. 2,Mean Guard
Guardians of the Galaxy Vol. 2,Sad Woman with Horns
Guardians of the Galaxy Vol. 2,Moloka Dar
Guardians of the Galaxy Vol. 2,Monstrous Inmate
Guardians of the Galaxy Vol. 2,Mottled Prisoner
Guardians of the Galaxy Vol. 2,Burly Prisoner
Guardians of the Galaxy Vol. 2,The Other
Guardians of the Galaxy Vol. 2,Watchtower Guard
Guardians of the Galaxy Vol. 2,One Legged Prisoner
Guardians of the Galaxy Vol. 2,Rifle Guard
Guardians of the Galaxy Vol. 2,'Drop the Leg' Guard
Guardians of the Galaxy Vol. 2,Carina
Guardians of the Galaxy Vol. 2,Tortured Pink Girl
Guardians of the Galaxy Vol. 2,Pit Boss
Guardians of the Galaxy Vol. 2,Lady of the Boot of Jemiah
Guardians of the Galaxy Vol. 2,Cosmo the Space Dog
Guardians of the Galaxy Vol. 2,Knowhere Dispatcher
Guardians of the Galaxy Vol. 2,Sad Krylorian Girl
Guardians of the Galaxy Vol. 2,One-Eyed Ravager
Guardians of the Galaxy Vol. 2,Ravager Pilot
Guardians of the Galaxy Vol. 2,Ravager Navigator
Guardians of the Galaxy Vol. 2,Nova Centurion
Guardians of the Galaxy Vol. 2,Nova Starblaster Pilot
Guardians of the Galaxy Vol. 2,Alien Nova Pilot
Guardians of the Galaxy Vol. 2,Maskless Sakaaran
Guardians of the Galaxy Vol. 2,Dancing Groot
Guardians of the Galaxy Vol. 2,Sakaarans
Guardians of the Galaxy Vol. 2,Maskless Sakaaran
Guardians of the Galaxy Vol. 2,Corpsman Dey's Wife
Guardians of the Galaxy Vol. 2,Corpsman Dey's Daughter
Guardians of the Galaxy Vol. 2,Corpsman Dey's Daughter
Guardians of the Galaxy Vol. 2,Goth Ravager
Guardians of the Galaxy Vol. 2,Crying Xandarian Citizen
Spider-Man: Homecoming,Peter Parker
Spider-Man: Homecoming,Spider-Man
Spider-Man: Homecoming,Adrian Toomes
Spider-Man: Homecoming,Vulture
Spider-Man: Homecoming,Tony Stark
Spider-Man: Homecoming,Iron Man
Spider-Man: Homecoming,May Parker
Spider-Man: Homecoming,Happy Hogan
Spider-Man: Homecoming,Pepper Potts
Spider-Man: Homecoming,Michelle
Spider-Man: Homecoming,Aaron Davis
Spider-Man: Homecoming,Ned
Spider-Man: Homecoming,Liz
Spider-Man: Homecoming,Flash
Spider-Man: Homecoming,Herman Schultz
Spider-Man: Homecoming,Shocker #2
Spider-Man: Homecoming,Anne Marie Hoag
Spider-Man: Homecoming,Abe
Spider-Man: Homecoming,Coach Wilson
Spider-Man: Homecoming,Principal Morita
Spider-Man: Homecoming,Ms. Warren
Spider-Man: Homecoming,Betty
Spider-Man: Homecoming,Mr. Harrington
Spider-Man: Homecoming,Doris Toomes
Spider-Man: Homecoming,Phineas Mason
Spider-Man: Homecoming,The Tinkerer
Spider-Man: Homecoming,Mac Gargan
Spider-Man: Homecoming,Jackson Brice
Spider-Man: Homecoming,Shocker #1
Spider-Man: Homecoming,Karen
Spider-Man: Homecoming,Suit Lady
Spider-Man: Homecoming,Agent Foster
Spider-Man: Homecoming,Randy
Spider-Man: Homecoming,Jason
Spider-Man: Homecoming,Mr. Cobbwell
Spider-Man: Homecoming,Cindy
Spider-Man: Homecoming,Sally
Spider-Man: Homecoming,Charles
Spider-Man: Homecoming,Seymour
Spider-Man: Homecoming,Mr. Delmar
Spider-Man: Homecoming,Street Vendor
Spider-Man: Homecoming,Punk on Street
Spider-Man: Homecoming,Car Jacker
Spider-Man: Homecoming,Yelling Woman
Spider-Man: Homecoming,Yelling Man
Spider-Man: Homecoming,Day Sleeper
Spider-Man: Homecoming,Gary
Spider-Man: Homecoming,Thai Waiter
Spider-Man: Homecoming,History Teacher
Spider-Man: Homecoming,Steve Rogers
Spider-Man: Homecoming,Captain America
Spider-Man: Homecoming,Tent Kid
Spider-Man: Homecoming,Tent Kid
Spider-Man: Homecoming,Friday
Spider-Man: Homecoming,Mr. Hapgood
Spider-Man: Homecoming,Tiny
Spider-Man: Homecoming,Decathlon Moderator
Spider-Man: Homecoming,Park Ranger
Spider-Man: Homecoming,Tour Guide
Spider-Man: Homecoming,Helicopter Pilot
Spider-Man: Homecoming,Ferry Kid
Spider-Man: Homecoming,Ferry Mom
Spider-Man: Homecoming,Ferry Commuter
Spider-Man: Homecoming,Yeah Spider-Man Guy
Spider-Man: Homecoming,Dean Crimson
Spider-Man: Homecoming,Stark Tower Technician
Spider-Man: Homecoming,Stark Tower Employee
Thor: Ragnarok,Thor
Thor: Ragnarok,Loki
Thor: Ragnarok,Hela
Thor: Ragnarok,Heimdall
Thor: Ragnarok,Grandmaster
Thor: Ragnarok,Valkyrie
Thor: Ragnarok,Skurge
Thor: Ragnarok,Bruce Banner
Thor: Ragnarok,Hulk
Thor: Ragnarok,Odin
Thor: Ragnarok,Doctor Strange
Thor: Ragnarok,Korg
Thor: Ragnarok,Topaz
Thor: Ragnarok,Surtur
Thor: Ragnarok,Hogun
Thor: Ragnarok,Volstagg
Thor: Ragnarok,Fandral
Thor: Ragnarok,Asgardian Date #1
Thor: Ragnarok,Asgardian Date #2
Thor: Ragnarok,Actor Thor
Thor: Ragnarok,Actor Odin
Thor: Ragnarok,Actor Sif
Thor: Ragnarok,Odin's Assistant
Thor: Ragnarok,College Girl #1
Thor: Ragnarok,College Girl #2
Thor: Ragnarok,Lead Scrapper
Thor: Ragnarok,Golden Lady #1
Thor: Ragnarok,Golden Lady #2
Thor: Ragnarok,Cousin Carlo
Thor: Ragnarok,Beerbot 5000
Thor: Ragnarok,Warden
Thor: Ragnarok,Asgardian Daughter
Thor: Ragnarok,Asgardian Mother
Thor: Ragnarok,Asgardian Uncle
Thor: Ragnarok,Asgardian Son
Thor: Ragnarok,Valkyrie Sister #1
Thor: Ragnarok,Valkyrie Sister #2
Thor: Ragnarok,Asgardian Woman
Thor: Ragnarok,Asgardian Man
Black Panther,T'Challa
Black Panther,Black Panther
Black Panther,Erik Killmonger
Black Panther,Nakia
Black Panther,Okoye
Black Panther,Everett K. Ross
Black Panther,W'Kabi
Black Panther,Shuri
Black Panther,M'Baku
Black Panther,N'Jobu
Black Panther,Ramonda
Black Panther,Zuri
Black Panther,Ulysses Klaue
Black Panther,Ayo
Black Panther,T'Chaka
Black Panther,Limbani
Black Panther,Linda
Black Panther,River Tribe Elder
Black Panther,Mining Tribe Elder
Black Panther,Merchant Tribe Elder
Black Panther,Border Tribe Elder
Black Panther,Dora Milaje
Black Panther,Shaman
Black Panther,Thirsty Gambler
Black Panther,Young T'Chaka
Black Panther,Young T'Challa
Black Panther,James
Black Panther,Young Zuri
Black Panther,Dora Milaje (1992)
Black Panther,Dora Milaje (1992)
Black Panther,BBC Reporter
Black Panther,Militant Leader
Black Panther,Young Militant
Black Panther,Driver
Black Panther,Cargo Truck Militant
Black Panther,Nigerian Militant #1
Black Panther,Nigerian Militant #2
Black Panther,Nigerian Woman #1
Black Panther,Nigerian Woman #2
Black Panther,Museum Director
Black Panther,Security Guard
Black Panther,Young Killmonger
Black Panther,Jabari Fisherman
Black Panther,South African Tough
Black Panther,Elderly Woman (Sophia)
Black Panther,Dealer
Black Panther,CIA Agent
Black Panther,French Ambassador
Black Panther,Basketball Kid (1992)
Black Panther,Basketball Kid (1992)
Black Panther,Basketball Kid (1992)
Black Panther,Hot Dog Kid
Black Panther,Young Oakland Kid
Black Panther,Oakland Kid
Black Panther,Oakland Kid
Black Panther,Wakandan Child
Black Panther,Wakandan Child
Black Panther,Jabari Woman
Black Panther,Griot
Avengers: Infinity Wars,Tony Stark
Avengers: Infinity Wars,Iron Man
Avengers: Infinity Wars,Thor
Avengers: Infinity Wars,Bruce Banner
Avengers: Infinity Wars,Hulk
Avengers: Infinity Wars,Steve Rogers
Avengers: Infinity Wars,Captain America
Avengers: Infinity Wars,Natasha Romanoff
Avengers: Infinity Wars,Black Widow
Avengers: Infinity Wars,James Rhodes
Avengers: Infinity Wars,War Machine
Avengers: Infinity Wars,Doctor Strange
Avengers: Infinity Wars,Peter Parker
Avengers: Infinity Wars,Spider-Man
Avengers: Infinity Wars,T'Challa
Avengers: Infinity Wars,Black Panther
Avengers: Infinity Wars,Gamora
Avengers: Infinity Wars,Nebula
Avengers: Infinity Wars,Loki
Avengers: Infinity Wars,Vision
Avengers: Infinity Wars,Wanda Maximoff
Avengers: Infinity Wars,Scarlet Witch
Avengers: Infinity Wars,Sam Wilson
Avengers: Infinity Wars,Falcon
Avengers: Infinity Wars,Bucky Barnes
Avengers: Infinity Wars,Winter Soldier
Avengers: Infinity Wars,Heimdall
Avengers: Infinity Wars,Okoye
Avengers: Infinity Wars,Eitri
Avengers: Infinity Wars,Wong
Avengers: Infinity Wars,Mantis
Avengers: Infinity Wars,Drax
Avengers: Infinity Wars,Groot
Avengers: Infinity Wars,Rocket
Avengers: Infinity Wars,Pepper Potts
Avengers: Infinity Wars,The Collector
Avengers: Infinity Wars,Thanos
Avengers: Infinity Wars,Peter Quill
Avengers: Infinity Wars,Star-Lord
Avengers: Infinity Wars,On-Set Rocket
Avengers: Infinity Wars,Secretary of State Thaddeus Ross
Avengers: Infinity Wars,Shuri
Avengers: Infinity Wars,Cull Obsidian
Avengers: Infinity Wars,On-Set Groot
Avengers: Infinity Wars,Ebony Maw
Avengers: Infinity Wars,Proxima Midnight
Avengers: Infinity Wars,Corvus Glaive
Avengers: Infinity Wars,Bus Driver
Avengers: Infinity Wars,M'Baku
Avengers: Infinity Wars,Ayo
Avengers: Infinity Wars,Friday
Avengers: Infinity Wars,On-Set Proxima Midnight
Avengers: Infinity Wars,Ned
Avengers: Infinity Wars,Cindy
Avengers: Infinity Wars,Sally
Avengers: Infinity Wars,Tiny
Avengers: Infinity Wars,Young Gamora
Avengers: Infinity Wars,Gamora's Mother
Avengers: Infinity Wars,Red Skull (Stonekeeper)
Avengers: Infinity Wars,Secretary Ross' Aide
Avengers: Infinity Wars,Secretary Ross' Aide
Avengers: Infinity Wars,Doctor Strange Double
Avengers: Infinity Wars,Thanos Reader
Avengers: Infinity Wars,Teenage Groot Reader
Avengers: Infinity Wars,Street Pedestrian #1
Avengers: Infinity Wars,Street Pedestrian #2
Avengers: Infinity Wars,Scottish News (STV) Reporter
Ant Man and the Wasp,Scott Lang
Ant Man and the Wasp,Ant-Man
Ant Man and the Wasp,Hope Van Dyne
Ant Man and the Wasp,Wasp
Ant Man and the Wasp,Luis
Ant Man and the Wasp,Sonny Burch
Ant Man and the Wasp,Paxton
Ant Man and the Wasp,Maggie
Ant Man and the Wasp,Dave
Ant Man and the Wasp,Kurt
Ant Man and the Wasp,Ava
Ant Man and the Wasp,Ghost
Ant Man and the Wasp,Cassie
Ant Man and the Wasp,Jimmy Woo
Ant Man and the Wasp,Janet Van Dyne
Ant Man and the Wasp,Wasp
Ant Man and the Wasp,Dr. Bill Foster
Ant Man and the Wasp,Dr. Hank Pym
Ant Man and the Wasp,Uzman
Ant Man and the Wasp,Anitolov
Ant Man and the Wasp,Knox
Ant Man and the Wasp,Agent Stoltz
Ant Man and the Wasp,Agent Burleigh
Ant Man and the Wasp,Elihas Starr
Ant Man and the Wasp,Catherine Starr
Ant Man and the Wasp,Young Hank
Ant Man and the Wasp,Young Janet
Ant Man and the Wasp,Young Bill
Ant Man and the Wasp,Young Ava
Ant Man and the Wasp,Young Hope
Ant Man and the Wasp,Whale Boat Captain Daniel Gooobler
Ant Man and the Wasp,Shrinking Car Owner
Ant Man and the Wasp,Fireman
Ant Man and the Wasp,Elementary School Teacher
Ant Man and the Wasp,Agent Pearson
Ant Man and the Wasp,Luis' Abuelita
Ant Man and the Wasp,Tourist Wife
Ant Man and the Wasp,Tourist Husband
Ant Man and the Wasp,Wharf Cop
Ant Man and the Wasp,Sister Ana Maria
Ant Man and the Wasp,Nanny
Ant Man and the Wasp,Online Magic Instructor
Ant Man and the Wasp,Burch's Goon
Ant Man and the Wasp,Burch's Goon
Ant Man and the Wasp,Burch's SUV Driver
Ant Man and the Wasp,Burch's SUV Driver
Ant Man and the Wasp,San Francisco News Announcer
Ant Man and the Wasp,San Francisco News Anchor
Captain Marvel,Carol Danvers
Captain Marvel,Vers
Captain Marvel,Captain Marvel
Captain Marvel,Nick Fury
Captain Marvel,Talos
Captain Marvel,Keller
Captain Marvel,Yon-Rogg
Captain Marvel,Supreme Intelligence
Captain Marvel,Dr. Wendy Lawson
Captain Marvel,Korath
Captain Marvel,Ronan
Captain Marvel,Maria Rambeau
Captain Marvel,Minn-Erva
Captain Marvel,Agent Coulson
Captain Marvel,Bron-Char
Captain Marvel,Att-Lass
Captain Marvel,Young Carol (13 Years Old)
Captain Marvel,Monica Rambeau (11 Years Old)
Captain Marvel,Norex
Captain Marvel,Soh-Larr
Captain Marvel,Hero Torfan
Captain Marvel,Steve Danvers
Captain Marvel,Joseph Danvers
Captain Marvel,Cadet Officer
Captain Marvel,Bret Johnson
Captain Marvel,Spider
Captain Marvel,Cajun
Captain Marvel,Young Carol (6 Years Old)
Captain Marvel,Monica Rambeau (5 Years Old)
Captain Marvel,Skrull Main Tech
Captain Marvel,Skrull Tech #1
Captain Marvel,Mall Security Guard
Captain Marvel,Surfer Girl Talos #1
Captain Marvel,Surfer Girl Talos #2
Captain Marvel,Older Lady on Train
Captain Marvel,Stan Lee
Captain Marvel,Biker (The Don)
Captain Marvel,Medical Examiner
Captain Marvel,Bartender
Captain Marvel,Security Chief
Captain Marvel,Agent Whitcher
Captain Marvel,Monica's Grandmother
Captain Marvel,Monica's Grandfather
Captain Marvel,Soren
Captain Marvel,Talos' Daughter
Captain Marvel,Talos' Daughter
Captain Marvel,Accuser #1
Captain Marvel,Tom the Neighbor
Captain Marvel,Talos-Kree Soldier
Captain Marvel,Goose
Avengers: Endgame,Tony Stark
Avengers: Endgame,Iron Man
Avengers: Endgame,Steve Rogers
Avengers: Endgame,Captain America
Avengers: Endgame,Bruce Banner
Avengers: Endgame,Hulk
Avengers: Endgame,Thor
Avengers: Endgame,Natasha Romanoff
Avengers: Endgame,Black Widow
Avengers: Endgame,Clint Barton
Avengers: Endgame,Hawkeye
Avengers: Endgame,James Rhodes
Avengers: Endgame,War Machine
Avengers: Endgame,Scott Lang
Avengers: Endgame,Ant-Man
Avengers: Endgame,Doctor Strange
Avengers: Endgame,T'Challa
Avengers: Endgame,Black Panther
Avengers: Endgame,Carol Danvers
Avengers: Endgame,Captain Marvel
Avengers: Endgame,Peter Parker
Avengers: Endgame,Spider-Man
Avengers: Endgame,Nebula
Avengers: Endgame,Gamora
Avengers: Endgame,Hope Van Dyne
Avengers: Endgame,Wasp
Avengers: Endgame,Valkyrie
Avengers: Endgame,Frigga
Avengers: Endgame,Wanda Maximoff
Avengers: Endgame,Scarlet Witch
Avengers: Endgame,Sam Wilson
Avengers: Endgame,Falcon
Avengers: Endgame,Bucky Barnes
Avengers: Endgame,Winter Soldier
Avengers: Endgame,Loki
Avengers: Endgame,Okoye
Avengers: Endgame,Wong
Avengers: Endgame,Mantis
Avengers: Endgame,Drax
Avengers: Endgame,Shuri
Avengers: Endgame,Howard Stark
Avengers: Endgame,The Ancient One
Avengers: Endgame,Happy Hogan
Avengers: Endgame,Peggy Carter
Avengers: Endgame,Jane Foster
Avengers: Endgame,Aunt May
Avengers: Endgame,Korg
Avengers: Endgame,Ramonda
Avengers: Endgame,Hank Pym
Avengers: Endgame,Janet Van Dyne
Avengers: Endgame,Secretary of State Thaddeus Ross
Avengers: Endgame,Maria Hill
Avengers: Endgame,On-Set Rocket
Avengers: Endgame,Kraglin
Avengers: Endgame,M'Baku
Avengers: Endgame,Laura Barton
Avengers: Endgame,Agent Sitwell
Avengers: Endgame,Brock Rumlow
Avengers: Endgame,Akihiko
Avengers: Endgame,Ebony Maw
Avengers: Endgame,Jarvis
Avengers: Endgame,Ned
Avengers: Endgame,Groot
Avengers: Endgame,Rocket
Avengers: Endgame,Pepper Potts
Avengers: Endgame,Alexander Pierce
Avengers: Endgame,Thanos
Avengers: Endgame,Peter Quill
Avengers: Endgame,Star-Lord
Avengers: Endgame,Nick Fury
Avengers: Endgame,Morgan Stark
Avengers: Endgame,Red Skull (Stonekeeper)
Avengers: Endgame,Grieving Man
Avengers: Endgame,Cassie Lang
Avengers: Endgame,Corvus Glaive
Avengers: Endgame,On-Set Groot
Avengers: Endgame,Cull Obsidian
Avengers: Endgame,Friday
Avengers: Endgame,Cooper Barton
Avengers: Endgame,Lila Barton
Avengers: Endgame,Nathaniel Barton
Avengers: Endgame,Driver
Avengers: Endgame,S.H.I.E.L.D. Agent
Avengers: Endgame,Jack Rollins
Avengers: Endgame,Lia
Avengers: Endgame,Julian
Avengers: Endgame,Taylor
Avengers: Endgame,Augie
Avengers: Endgame,Security Guard
Avengers: Endgame,Harley Keener
Avengers: Endgame,Scott Lang (12 Y.O.)
Avengers: Endgame,Scott Lang (93 Y.O.)
Avengers: Endgame,Scott Lang (Baby)
Avengers: Endgame,Scott Lang (Baby)
Avengers: Endgame,S.H.I.E.L.D. Agent
Avengers: Endgame,Asgardian Maiden
Avengers: Endgame,Young Hank Pym
Avengers: Endgame,Male S.H.I.E.L.D. Agent
Avengers: Endgame,Camp Lehigh Guard
Avengers: Endgame,Military Police
Avengers: Endgame,Drill Sergeant
Avengers: Endgame,Young Stan Lee Double
Avengers: Endgame,Car Girl
Avengers: Endgame,On-Set Proxima Midnight
Avengers: Endgame,Support Group Man #1
Avengers: Endgame,Support Group Man #2
Avengers: Endgame,Japanese Girl
Avengers: Endgame,Diner Owner
Avengers: Endgame,Diner Cook
Avengers: Endgame,Kid on Bike
Avengers: Endgame,New Asgard Truck Driver
Avengers: Endgame,Old Steve Rogers Double
Avengers: Endgame,Doctor Strange Double
Avengers: Endgame,Thanos Reader
Avengers: Endgame,Loki Reader
Avengers: Endgame,Alexander Pierce Reader
Avengers: Endgame,Gamora Reader
Avengers: Endgame,Teenage Groot Reader
Avengers: Endgame,On Set Reader #1
Avengers: Endgame,On Set Reader #2
Spiderman: Far from Home,Peter Parker
Spiderman: Far from Home,Spider-Man
Spiderman: Far from Home,Nick Fury
Spiderman: Far from Home,Quentin Beck
Spiderman: Far from Home,Mysterio
Spiderman: Far from Home,May Parker
Spiderman: Far from Home,Happy Hogan
Spiderman: Far from Home,MJ
Spiderman: Far from Home,Ned Leeds
Spiderman: Far from Home,Flash Thompson
Spiderman: Far from Home,Betty Brant
Spiderman: Far from Home,Brad Davis
Spiderman: Far from Home,Mr. Harrington
Spiderman: Far from Home,Mr. Dell
Spiderman: Far from Home,Jason Ionello
Spiderman: Far from Home,Maria Hill
Spiderman: Far from Home,Dimitri
Spiderman: Far from Home,Zach
Spiderman: Far from Home,Zoha
Spiderman: Far from Home,Yasmin
Spiderman: Far from Home,Josh
Spiderman: Far from Home,Tyler
Spiderman: Far from Home,Sebastian
Spiderman: Far from Home,The Seamstress
Spiderman: Far from Home,William Ginter Riva
Spiderman: Far from Home,Victoria
Spiderman: Far from Home,Guterman
Spiderman: Far from Home,Janice
Spiderman: Far from Home,J. Jonah Jameson
Spiderman: Far from Home,E.D.I.T.H.
Spiderman: Far from Home,Dutch Soccer Hooligan
Spiderman: Far from Home,Dutch Soccer Hooligan
Spiderman: Far from Home,Dutch Soccer Hooligan
Spiderman: Far from Home,Venetian Glassblower
Spiderman: Far from Home,Queens Reporter
Spiderman: Far from Home,Queens Reporter
Spiderman: Far from Home,Queens Reporter
Spiderman: Far from Home,Italian TV Newsreader
Spiderman: Far from Home,Italian Customs Officer
Spiderman: Far from Home,Helpful Dutch Man
Spiderman: Far from Home,Italian Street Vendor
Spiderman: Far from Home,Opera Singer
Spiderman: Far from Home,Caricaturist
Spiderman: Far from Home,Pat Kiernan